{
  "mdn": {
    "bcd_repo": "https://github.com/mdn/browser-compat-data",
    "web_docs_base_url": "https://developer.mozilla.org/en-US/docs",
    "html_elements_path": "/Web/HTML/Element",
    "css_properties_path": "/Web/CSS",
    "javascript_path": "/Web/JavaScript/Reference"
  },
  "w3c": {
    "webref_repo": "https://github.com/w3c/webref",
    "specs_base_url": "https://www.w3.org/TR/"
  },
  "whatwg": {
    "html_spec": "https://html.spec.whatwg.org/",
    "dom_spec": "https://dom.spec.whatwg.org/"
  },
  "ecma": {
    "js_spec": "https://tc39.es/ecma262/"
  }
}
